,id,emoji,emoji name,emoji class
0,1284777001958748160,ğŸ˜‘,:expressionless_face:,neutral
1,1237572593915322368,ğŸ˜¦,:frowning_face_with_open_mouth:,concerned
2,1286563395634954240,ğŸ˜ƒ,:grinning_face_with_big_eyes:,laughing
3,1284585476578512896,ğŸ˜‘,:expressionless_face:,neutral
4,1287081586056466432,ğŸ˜œ,:winking_face_with_tongue:,tongue
5,1254125004389842944,ğŸ¤•,:face_with_head-bandage:,unwell
6,1286418185634418688,ğŸ˜¶,:face_without_mouth:,neutral
7,1286350726541774848,ğŸ˜¶,:face_without_mouth:,neutral
8,1283879137292288000,ğŸ¤¢,:nauseated_face:,unwell
9,1287414425784393728,ğŸ˜Š,:smiling_face_with_smiling_eyes:,smiling
10,1268662596271554560,ğŸ‘¿,:angry_face_with_horns:,negative
11,1285945615323717632,ğŸ˜ ,:angry_face:,negative
12,1286728948710281216,â˜¹,:frowning_face:,concerned
13,1286358274271596544,ğŸ˜›,:face_with_tongue:,tongue
14,1281919924861116416,ğŸ¥µ,:hot_face:,unwell
15,1287473847168622598,ğŸ˜‚,:face_with_tears_of_joy:,laughing
16,1287440371836952576,ğŸ˜…,:grinning_face_with_sweat:,laughing
17,1286333911841243137,ğŸ˜™,:kissing_face_with_smiling_eyes:,affection
18,1287020110599921664,ğŸ™‚,:slightly_smiling_face:,smiling
19,1287463248883834880,ğŸ˜,:smiling_face_with_heart-eyes:,affection
20,1287407127414353920,ğŸ¥°,:smiling_face_with_3_hearts:,affection
21,1287422460569231360,ğŸ˜,:beaming_face_with_smiling_eyes:,laughing
22,1285564508958851072,ğŸ˜—,:kissing_face:,affection
23,1278425615532687360,ğŸ˜™,:kissing_face_with_smiling_eyes:,affection
24,1279917845028188160,ğŸ˜™,:kissing_face_with_smiling_eyes:,affection
25,1287483689350451200,ğŸ¥´,:woozy_face:,unwell
26,1287365465912872961,ğŸ˜‰,:winking_face:,smiling
27,1275356656583442432,ğŸ˜¯,:hushed_face:,concerned
28,1285151524033835013,ğŸ˜£,:persevering_face:,concerned
29,1285000952496390144,ğŸ˜›,:face_with_tongue:,tongue
30,1284261533565046784,ğŸ˜š,:kissing_face_with_closed_eyes:,affection
31,1286638726354022402,ğŸ™‚,:slightly_smiling_face:,smiling
32,1286074880635666432,ğŸ˜,:neutral_face:,neutral
33,1285867432637272064,ğŸ˜†,:grinning_squinting_face:,laughing
34,1262162282202660864,ğŸ˜§,:anguished_face:,concerned
35,1285276148344279040,ğŸ˜,:disappointed_face:,concerned
36,1286760344703119362,ğŸ˜œ,:winking_face_with_tongue:,tongue
37,1287267293198798849,ğŸ˜‡,:smiling_face_with_halo:,smiling
38,1286550969183019009,ğŸ˜ ,:angry_face:,negative
39,1285509120993505282,ğŸ˜ ,:angry_face:,negative
40,1287463006222331904,ğŸ¥´,:woozy_face:,unwell
41,1284167261264261120,ğŸ˜—,:kissing_face:,affection
42,1287022580201852928,ğŸ˜ƒ,:grinning_face_with_big_eyes:,laughing
43,1287487115740291073,ğŸ˜‰,:winking_face:,smiling
44,1274790217782886400,ğŸ¥¶,:cold_face:,unwell
45,1278050257432129536,ğŸ¥µ,:hot_face:,unwell
46,1287308701141995520,ğŸ¥°,:smiling_face_with_3_hearts:,affection
47,1284880207208501248,ğŸ˜•,:confused_face:,concerned
48,1283469318626217984,ğŸ¤¨,:face_with_raised_eyebrow:,neutral
49,1286513339422646272,ğŸ¤ª,:zany_face:,tongue
50,1285894091423784963,ğŸ˜ ,:angry_face:,negative
51,1287086581141078016,ğŸ˜¡,:pouting_face:,negative
52,1280104537857064960,ğŸ˜§,:anguished_face:,concerned
53,1277295997715197952,ğŸ˜µ,:dizzy_face:,unwell
54,1287084381211951104,ğŸ˜,:disappointed_face:,concerned
55,1276523269793988608,ğŸ˜µ,:dizzy_face:,unwell
56,1287070877096566784,ğŸ˜¥,:sad_but_relieved_face:,concerned
57,1286415189026443265,ğŸ™ƒ,:upside-down_face:,smiling
58,1268603406626717696,ğŸ¤‘,:money-mouth_face:,tongue
59,1286610849717727232,ğŸ˜†,:grinning_squinting_face:,laughing
60,1287359243105054720,ğŸ˜‡,:smiling_face_with_halo:,smiling
61,1277343565463654400,ğŸ¤¢,:nauseated_face:,unwell
62,1287460080930045952,ğŸ˜Š,:smiling_face_with_smiling_eyes:,smiling
63,1279827327132803072,ğŸ˜¯,:hushed_face:,concerned
64,1286772091434545152,ğŸ˜·,:face_with_medical_mask:,unwell
65,1287379536078876672,ğŸ˜†,:grinning_squinting_face:,laughing
66,1285667879107665924,â˜¹ï¸,:frowning_face:,concerned
67,1286593864007131136,ğŸ˜†,:grinning_squinting_face:,laughing
68,1287004175642099712,ğŸ˜‡,:smiling_face_with_halo:,smiling
69,1250777287173246976,ğŸ¤•,:face_with_head-bandage:,unwell
70,1282374097201242112,ğŸ˜¶,:face_without_mouth:,neutral
71,1287510459046932481,ğŸ˜³,:flushed_face:,concerned
72,1284922878618738688,ğŸ˜‘,:expressionless_face:,neutral
73,1286235534495490048,ğŸ˜ˆ,:smiling_face_with_horns:,negative
74,1286289694045736961,ğŸ˜¤,:face_with_steam_from_nose:,negative
75,1286816632497725440,ğŸ¤§,:sneezing_face:,unwell
76,1284799159736897536,ğŸ˜•,:confused_face:,concerned
77,1247261511954903040,ğŸ˜¦,:frowning_face_with_open_mouth:,concerned
78,1287358999961260034,ğŸ˜˜,:face_blowing_a_kiss:,affection
79,1287430182618505217,ğŸ˜,:smiling_face_with_heart-eyes:,affection
80,1287107921382379520,ğŸ¥°,:smiling_face_with_3_hearts:,affection
81,1287636329162051584,ğŸ˜¡,:pouting_face:,negative
82,1283707968546996224,ğŸ¤§,:sneezing_face:,unwell
83,1286669273033826306,ğŸ˜ƒ,:grinning_face_with_big_eyes:,laughing
84,1277207080433324032,ğŸ¥µ,:hot_face:,unwell
85,1287304241078513664,ğŸ˜“,:downcast_face_with_sweat:,concerned
86,1287068982994964480,ğŸ˜€,:grinning_face:,laughing
87,1287622025612271616,ğŸ˜ˆ,:smiling_face_with_horns:,negative
88,1287132380952702976,ğŸ¤£,:rolling_on_the_floor_laughing:,laughing
89,1276635242711973888,ğŸ˜µ,:dizzy_face:,unwell
90,1286307805205606400,ğŸ™ƒ,:upside-down_face:,smiling
91,1287378080101797888,ğŸ˜˜,:face_blowing_a_kiss:,affection
92,1266527716158955520,ğŸ¥¶,:cold_face:,unwell
93,1277517882839138304,ğŸ¤’,:face_with_thermometer:,unwell
94,1286781679940632577,ğŸ˜‡,:smiling_face_with_halo:,smiling
95,1287499902587674624,ğŸ˜…,:grinning_face_with_sweat:,laughing
96,1287064889266143232,ğŸ˜Ÿ,:worried_face:,concerned
97,1247225945452355584,ğŸ¤’,:face_with_thermometer:,unwell
98,1286770208041033728,ğŸ˜œ,:winking_face_with_tongue:,tongue
99,1283759845670375424,ğŸ˜›,:face_with_tongue:,tongue
100,1287138743271542784,ğŸ˜ƒ,:grinning_face_with_big_eyes:,laughing
101,1284672595313426432,â˜¹,:frowning_face:,concerned
102,1285608405705555968,ğŸ˜,:disappointed_face:,concerned
103,1287655822588338176,ğŸ˜¡,:pouting_face:,negative
104,1287089494576037888,ğŸ˜†,:grinning_squinting_face:,laughing
105,1282589211774902272,ğŸ¤¬,:face_with_symbols_on_mouth:,negative
106,1287479179307626496,ğŸ¤£,:rolling_on_the_floor_laughing:,laughing
107,1287383542683533312,ğŸ˜œ,:winking_face_with_tongue:,tongue
108,1287405849011527680,ğŸ˜˜,:face_blowing_a_kiss:,affection
109,1287152683489558528,ğŸ˜“,:downcast_face_with_sweat:,concerned
110,1287484965563830272,ğŸ˜‡,:smiling_face_with_halo:,smiling
111,1286363843128692736,ğŸ˜¤,:face_with_steam_from_nose:,negative
112,1245826580267642880,ğŸ¥¶,:cold_face:,unwell
113,1286291554013937664,ğŸ˜«,:tired_face:,concerned
114,1284948751308722176,ğŸ˜¯,:hushed_face:,concerned
115,1282293692599078912,ğŸ¤‘,:money-mouth_face:,tongue
116,1286679302931701760,ğŸ˜¶,:face_without_mouth:,neutral
117,1284472765714698240,ğŸ˜Ÿ,:worried_face:,concerned
118,1284455183829917696,ğŸ˜,:neutral_face:,neutral
119,1285910171164618752,ğŸ˜ˆ,:smiling_face_with_horns:,negative
120,1287008412413431808,ğŸ¤¬,:face_with_symbols_on_mouth:,negative
121,1287366350608822274,ğŸ˜µ,:dizzy_face:,unwell
122,1283874863833387008,ğŸ˜›,:face_with_tongue:,tongue
123,1287400622078275584,ğŸ‘¿,:angry_face_with_horns:,negative
124,1287480781305151490,ğŸ˜Š,:smiling_face_with_smiling_eyes:,smiling
125,1285354604058812416,ğŸ¤’,:face_with_thermometer:,unwell
126,1286815703262203904,ğŸ˜„,:grinning_face_with_smiling_eyes:,laughing
127,1286353207057358851,ğŸ˜‡,:smiling_face_with_halo:,smiling
128,1287265692098736128,ğŸ˜¶,:face_without_mouth:,neutral
129,1286990521093718016,ğŸ˜˜,:face_blowing_a_kiss:,affection
130,1286600568857923584,ğŸ˜‘,:expressionless_face:,neutral
131,1287463371990880256,ğŸ¤ª,:zany_face:,tongue
132,1287158491493347328,ğŸ˜ ,:angry_face:,negative
133,1280585008227536896,ğŸ¥´,:woozy_face:,unwell
134,1287041165112614912,ğŸ˜¦,:frowning_face_with_open_mouth:,concerned
135,1287083780482772992,ğŸ˜•,:confused_face:,concerned
136,1285827994141904896,ğŸ¤¬,:face_with_symbols_on_mouth:,negative
137,1280076628442349568,ğŸ¤’,:face_with_thermometer:,unwell
138,1285122177495441408,ğŸ˜,:neutral_face:,neutral
139,1287268984992280576,ğŸ˜ˆ,:smiling_face_with_horns:,negative
140,1283057698326618112,ğŸ‘¿,:angry_face_with_horns:,negative
141,1287113295766458368,ğŸ˜„,:grinning_face_with_smiling_eyes:,laughing
142,1280205839064879104,ğŸ¥µ,:hot_face:,unwell
143,1286681269087219719,ğŸ˜‘,:expressionless_face:,neutral
144,1284602777646370816,ğŸ˜,:squinting_face_with_tongue:,tongue
145,1283179426721804288,ğŸ˜“,:downcast_face_with_sweat:,concerned
146,1287012986255806464,ğŸ¤©,:star-struck:,affection
147,1285587201737269248,ğŸ˜•,:confused_face:,concerned
148,1286999608636342272,ğŸ˜„,:grinning_face_with_smiling_eyes:,laughing
149,1286577220014702592,ğŸ˜‘,:expressionless_face:,neutral
150,1286384642682019840,ğŸ˜,:disappointed_face:,concerned
151,1286985885184139264,ğŸ˜¡,:pouting_face:,negative
152,1287367857437802496,ğŸ˜­,:loudly_crying_face:,concerned
153,1287445933261824000,ğŸ¤©,:star-struck:,affection
154,1286951760695787520,ğŸ¤£,:rolling_on_the_floor_laughing:,laughing
155,1285346782055145472,ğŸ˜‘,:expressionless_face:,neutral
156,1285382472256106496,ğŸ¤§,:sneezing_face:,unwell
157,1285662963446304769,ğŸ˜£,:persevering_face:,concerned
158,1282327338005536768,ğŸ¤¨,:face_with_raised_eyebrow:,neutral
159,1258328873676222464,ğŸ¤’,:face_with_thermometer:,unwell
160,1287138365536718848,ğŸ˜ƒ,:grinning_face_with_big_eyes:,laughing
161,1287445036054065152,ğŸ˜‰,:winking_face:,smiling
162,1287307331483598849,ğŸ˜,:beaming_face_with_smiling_eyes:,laughing
163,1285852518531112960,â˜¹ï¸,:frowning_face:,concerned
164,1285323158384447488,ğŸ˜•,:confused_face:,concerned
165,1269518814636576768,ğŸ¤’,:face_with_thermometer:,unwell
166,1287321943675371520,ğŸ˜‰,:winking_face:,smiling
167,1287444124770144256,ğŸ˜Š,:smiling_face_with_smiling_eyes:,smiling
168,1281909579509530624,ğŸ˜¶,:face_without_mouth:,neutral
169,1287110475025702912,ğŸ¤£,:rolling_on_the_floor_laughing:,laughing
170,1285269247464280064,ğŸ˜¶,:face_without_mouth:,neutral
171,1285651324982501376,ğŸ˜ ,:angry_face:,negative
172,1285870635441442816,ğŸ™ƒ,:upside-down_face:,smiling
173,1280592629676363776,ğŸ¤®,:face_vomiting:,unwell
174,1286332516467707906,ğŸ˜†,:grinning_squinting_face:,laughing
175,1287345672845484032,ğŸ˜ƒ,:grinning_face_with_big_eyes:,laughing
176,1286427679252779008,ğŸ˜ƒ,:grinning_face_with_big_eyes:,laughing
177,1284854035187748864,ğŸ¤¬,:face_with_symbols_on_mouth:,negative
178,1286703783242801152,ğŸ¤§,:sneezing_face:,unwell
179,1286021864054292480,ğŸ˜™,:kissing_face_with_smiling_eyes:,affection
180,1287281483254607873,ğŸ¤£,:rolling_on_the_floor_laughing:,laughing
181,1286399482125529089,ğŸ˜ˆ,:smiling_face_with_horns:,negative
182,1286753825479626753,ğŸ˜ƒ,:grinning_face_with_big_eyes:,laughing
183,1280091607539351552,ğŸ˜µ,:dizzy_face:,unwell
184,1280485868076257280,ğŸ˜¯,:hushed_face:,concerned
185,1287296082771410944,ğŸ˜•,:confused_face:,concerned
186,1272659523686346752,ğŸ¤,:zipper-mouth_face:,neutral
187,1284858905080860673,ğŸ˜•,:confused_face:,concerned
188,1286343329622392834,ğŸ¤§,:sneezing_face:,unwell
189,1285345217470771201,ğŸ˜š,:kissing_face_with_closed_eyes:,affection
190,1287450345870897152,ğŸ˜Š,:smiling_face_with_smiling_eyes:,smiling
191,1286435161131888640,ğŸ˜œ,:winking_face_with_tongue:,tongue
192,1287397354975494144,ğŸ˜‡,:smiling_face_with_halo:,smiling
193,1287171371341094916,ğŸ™ƒ,:upside-down_face:,smiling
194,1287467853575262208,ğŸ˜‰,:winking_face:,smiling
195,1287466294749601792,ğŸ˜,:smiling_face_with_heart-eyes:,affection
196,1283836627735937024,ğŸ¤¨,:face_with_raised_eyebrow:,neutral
197,1287523412592807938,ğŸ˜¢,:crying_face:,concerned
198,1286993227371950080,ğŸ¤£,:rolling_on_the_floor_laughing:,laughing
199,1283136256529117184,ğŸ¤§,:sneezing_face:,unwell
200,1285604799854063618,ğŸ˜·,:face_with_medical_mask:,unwell
201,1284603848104058880,ğŸ¤©,:star-struck:,affection
202,1286728873535840256,ğŸ˜,:disappointed_face:,concerned
203,1285922373099827200,ğŸ˜³,:flushed_face:,concerned
204,1283850017967661056,ğŸ¤®,:face_vomiting:,unwell
205,1286093630243995649,ğŸ˜¤,:face_with_steam_from_nose:,negative
206,1287079135773364224,ğŸ˜€,:grinning_face:,laughing
207,1282385929177636864,ğŸ¥µ,:hot_face:,unwell
208,1286373441675960322,ğŸ˜³,:flushed_face:,concerned
209,1279367272323309568,ğŸ‘¿,:angry_face_with_horns:,negative
210,1287496526307168256,ğŸ˜…,:grinning_face_with_sweat:,laughing
211,1287303699350593537,ğŸ˜¡,:pouting_face:,negative
212,1286795922500919296,ğŸ˜¯,:hushed_face:,concerned
213,1264963222358163456,ğŸ˜¦,:frowning_face_with_open_mouth:,concerned
214,1286363085129895936,ğŸ˜,:neutral_face:,neutral
215,1287306300238503936,ğŸ™‚,:slightly_smiling_face:,smiling
216,1286413250884706305,ğŸ˜ƒ,:grinning_face_with_big_eyes:,laughing
217,1287364592897843200,ğŸ˜ƒ,:grinning_face_with_big_eyes:,laughing
218,1287405520022917123,ğŸ˜…,:grinning_face_with_sweat:,laughing
219,1281207714752999424,ğŸ˜Ÿ,:worried_face:,concerned
220,1286340833973800960,ğŸ˜ ,:angry_face:,negative
221,1286303139952570368,ğŸ˜,:neutral_face:,neutral
222,1286676601053368323,ğŸ˜—,:kissing_face:,affection
223,1279064538630012928,ğŸ˜Ÿ,:worried_face:,concerned
224,1286276809890373633,ğŸ˜†,:grinning_squinting_face:,laughing
225,1284152115426766848,ğŸ¤¨,:face_with_raised_eyebrow:,neutral
226,1285174059995734016,ğŸ˜š,:kissing_face_with_closed_eyes:,affection
227,1282944716225622016,ğŸ¤¢,:nauseated_face:,unwell
228,1287450882829934596,ğŸ˜‡,:smiling_face_with_halo:,smiling
229,1287370865307537409,ğŸ˜¢,:crying_face:,concerned
230,1287519729582833664,ğŸ¤£,:rolling_on_the_floor_laughing:,laughing
231,1239528957902573568,ğŸ¥¶,:cold_face:,unwell
232,1285952550286630912,â˜¹ï¸,:frowning_face:,concerned
233,1286744441169092608,ğŸ˜ ,:angry_face:,negative
234,1284430253931323392,ğŸ¤¢,:nauseated_face:,unwell
235,1287098307484028928,ğŸ˜˜,:face_blowing_a_kiss:,affection
236,1286330329083580416,ğŸ˜‡,:smiling_face_with_halo:,smiling
237,1286260921959165952,ğŸ™‚,:slightly_smiling_face:,smiling
238,1284897960501944320,ğŸ¤¬,:face_with_symbols_on_mouth:,negative
239,1284202632232554496,ğŸ¤¨,:face_with_raised_eyebrow:,neutral
240,1287380646814523393,ğŸ˜,:smiling_face_with_heart-eyes:,affection
241,1286697386216239105,ğŸ˜ ,:angry_face:,negative
242,1283775740794875904,ğŸ˜¶,:face_without_mouth:,neutral
243,1285598573908959238,ğŸ˜¤,:face_with_steam_from_nose:,negative
244,1275541408020148224,ğŸ˜—,:kissing_face:,affection
245,1287520590115540992,ğŸ˜Š,:smiling_face_with_smiling_eyes:,smiling
246,1256967667115790336,ğŸ¤’,:face_with_thermometer:,unwell
247,1283488681236594688,ğŸ˜,:squinting_face_with_tongue:,tongue
248,1285985458460090369,â˜¹ï¸,:frowning_face:,concerned
249,1278652707415511040,ğŸ˜§,:anguished_face:,concerned
250,1287436295124520960,ğŸ˜‡,:smiling_face_with_halo:,smiling
251,1242169734424076288,ğŸ¤’,:face_with_thermometer:,unwell
252,1287444430497120256,ğŸ˜˜,:face_blowing_a_kiss:,affection
253,1287454505026629632,ğŸ˜‰,:winking_face:,smiling
254,1286776388490539010,ğŸ˜‡,:smiling_face_with_halo:,smiling
255,1287307567299989504,ğŸ˜€,:grinning_face:,laughing
256,1287380788644896768,ğŸ˜¡,:pouting_face:,negative
257,1287471284331450368,ğŸ˜Š,:smiling_face_with_smiling_eyes:,smiling
258,1285985133984722945,ğŸ˜š,:kissing_face_with_closed_eyes:,affection
259,1278027547821977600,ğŸ¤®,:face_vomiting:,unwell
260,1287488973355573248,ğŸ˜˜,:face_blowing_a_kiss:,affection
261,1281910307313651712,ğŸ¥´,:woozy_face:,unwell
262,1282107457456791552,ğŸ¤‘,:money-mouth_face:,tongue
263,1287346399760330752,ğŸ˜…,:grinning_face_with_sweat:,laughing
264,1287510525203677184,ğŸ˜œ,:winking_face_with_tongue:,tongue
265,1287580657200377856,ğŸ˜¡,:pouting_face:,negative
266,1285189507478958080,ğŸ˜•,:confused_face:,concerned
267,1286599701081591808,ğŸ˜·,:face_with_medical_mask:,unwell
268,1287530622458699776,ğŸ™‚,:slightly_smiling_face:,smiling
269,1287376491278487552,ğŸ˜…,:grinning_face_with_sweat:,laughing
270,1267351925466566656,ğŸ˜µ,:dizzy_face:,unwell
271,1286172150613848065,ğŸ˜¤,:face_with_steam_from_nose:,negative
272,1284378065850728448,â˜¹,:frowning_face:,concerned
273,1285986963804360704,ğŸ¤,:zipper-mouth_face:,neutral
274,1287491884550688768,ğŸ˜‰,:winking_face:,smiling
275,1287082185133039616,ğŸ˜,:neutral_face:,neutral
276,1286602488125292544,ğŸ˜œ,:winking_face_with_tongue:,tongue
277,1287418578732568576,ğŸ˜,:disappointed_face:,concerned
278,1286726947112923136,ğŸ˜“,:downcast_face_with_sweat:,concerned
279,1284536073205485568,ğŸ˜,:squinting_face_with_tongue:,tongue
280,1281940734011211776,ğŸ˜µ,:dizzy_face:,unwell
281,1243080002637357056,ğŸ¤•,:face_with_head-bandage:,unwell
282,1285990378299174912,ğŸ˜•,:confused_face:,concerned
283,1287402627735715842,ğŸ˜Š,:smiling_face_with_smiling_eyes:,smiling
284,1287290916437467136,ğŸ™ƒ,:upside-down_face:,smiling
285,1287074217427709952,ğŸ˜†,:grinning_squinting_face:,laughing
286,1286440926597046272,ğŸ¤©,:star-struck:,affection
287,1285683509928038400,ğŸ˜,:squinting_face_with_tongue:,tongue
288,1276979383547412480,ğŸ¤,:zipper-mouth_face:,neutral
289,1285501675340533760,ğŸ˜•,:confused_face:,concerned
290,1287489697753817088,ğŸ˜Š,:smiling_face_with_smiling_eyes:,smiling
291,1276624257573883904,ğŸ˜¯,:hushed_face:,concerned
292,1282374107594620928,ğŸ™,:slightly_frowning_face:,concerned
293,1287071129585278976,ğŸ˜€,:grinning_face:,laughing
294,1283896752425271296,ğŸ¤§,:sneezing_face:,unwell
295,1287072977528528897,ğŸ˜,:neutral_face:,neutral
296,1286666899267497984,ğŸ˜ƒ,:grinning_face_with_big_eyes:,laughing
297,1276631145837465600,ğŸ˜¯,:hushed_face:,concerned
298,1287507589895520256,ğŸ˜Š,:smiling_face_with_smiling_eyes:,smiling
299,1285260474788052992,ğŸ˜™,:kissing_face_with_smiling_eyes:,affection
300,1286643179509424129,â˜¹ï¸,:frowning_face:,concerned
301,1287452012712538112,ğŸ˜·,:face_with_medical_mask:,unwell
302,1283818849817825280,ğŸ˜“,:downcast_face_with_sweat:,concerned
303,1287437072903659520,ğŸ¤’,:face_with_thermometer:,unwell
304,1287340327981010944,ğŸ˜¡,:pouting_face:,negative
305,1286014314550382592,ğŸ˜†,:grinning_squinting_face:,laughing
306,1286275468178620416,ğŸ™ƒ,:upside-down_face:,smiling
307,1287051532005969920,ğŸ˜ ,:angry_face:,negative
308,1285186743998844928,ğŸ¥´,:woozy_face:,unwell
309,1287474670724419584,ğŸ™‚,:slightly_smiling_face:,smiling
310,1284935520263516160,ğŸ¤¨,:face_with_raised_eyebrow:,neutral
311,1286076056911450112,ğŸ˜ ,:angry_face:,negative
312,1287452366648770563,ğŸ˜,:smiling_face_with_heart-eyes:,affection
313,1287478879771414529,ğŸ˜²,:astonished_face:,concerned
314,1283738401531928576,â˜¹,:frowning_face:,concerned
315,1287275592778383360,ğŸ˜€,:grinning_face:,laughing
316,1286324374602039296,ğŸ˜œ,:winking_face_with_tongue:,tongue
317,1287465464638197765,ğŸ˜‚,:face_with_tears_of_joy:,laughing
318,1285943194430124032,ğŸ˜,:disappointed_face:,concerned
319,1287132022465585152,ğŸ¤£,:rolling_on_the_floor_laughing:,laughing
320,1285533338384637952,ğŸ˜,:disappointed_face:,concerned
321,1287126245604503553,ğŸ˜¡,:pouting_face:,negative
322,1284931975225147392,ğŸ˜•,:confused_face:,concerned
323,1287039400623452160,ğŸ˜œ,:winking_face_with_tongue:,tongue
324,1287131621842456576,ğŸ¥µ,:hot_face:,unwell
325,1287329307388411905,ğŸ˜­,:loudly_crying_face:,concerned
326,1285206631639388160,ğŸ¤§,:sneezing_face:,unwell
327,1285971323064385536,ğŸ˜ ,:angry_face:,negative
328,1286204902440603649,ğŸ˜¥,:sad_but_relieved_face:,concerned
329,1284618341450231813,ğŸ™,:slightly_frowning_face:,concerned
330,1286318475804368896,ğŸ¤ª,:zany_face:,tongue
331,1280530941065269248,ğŸ˜™,:kissing_face_with_smiling_eyes:,affection
332,1287107529181470720,ğŸ˜€,:grinning_face:,laughing
333,1287461493517234177,ğŸ¤£,:rolling_on_the_floor_laughing:,laughing
334,1287473766012985344,ğŸ˜‚,:face_with_tears_of_joy:,laughing
335,1287475304571731968,ğŸ™ƒ,:upside-down_face:,smiling
336,1276464748616388608,ğŸ¤¢,:nauseated_face:,unwell
337,1287046078202892289,ğŸ˜€,:grinning_face:,laughing
338,1287398067591839745,ğŸ˜Š,:smiling_face_with_smiling_eyes:,smiling
339,1285880940946956288,ğŸ˜†,:grinning_squinting_face:,laughing
340,1284508261232803840,ğŸ˜–,:confounded_face:,concerned
341,1287470753072517120,ğŸ˜¡,:pouting_face:,negative
342,1287286721286148096,ğŸ˜„,:grinning_face_with_smiling_eyes:,laughing
343,1286951429178089472,ğŸ˜‡,:smiling_face_with_halo:,smiling
344,1285520003505283072,ğŸ˜,:disappointed_face:,concerned
345,1285994425244622857,ğŸ˜ ,:angry_face:,negative
346,1285681014975746048,ğŸ¤©,:star-struck:,affection
347,1286354150587011072,ğŸ˜†,:grinning_squinting_face:,laughing
348,1286796523704025089,ğŸ¤’,:face_with_thermometer:,unwell
349,1286604753947041792,ğŸ™‚,:slightly_smiling_face:,smiling
350,1287131016142950400,ğŸ¤£,:rolling_on_the_floor_laughing:,laughing
351,1287296624537088000,ğŸ˜œ,:winking_face_with_tongue:,tongue
352,1287303380575150082,ğŸ˜­,:loudly_crying_face:,concerned
353,1287253009228075008,ğŸ¤£,:rolling_on_the_floor_laughing:,laughing
354,1283775395289063424,ğŸ˜®,:face_with_open_mouth:,concerned
355,1287435839669231616,ğŸ˜ˆ,:smiling_face_with_horns:,negative
356,1285649354158678017,ğŸ™,:slightly_frowning_face:,concerned
357,1285264574946713600,ğŸ˜¯,:hushed_face:,concerned
358,1286002459115237376,ğŸ˜†,:grinning_squinting_face:,laughing
359,1287405629309689856,ğŸ˜,:smiling_face_with_heart-eyes:,affection
360,1286743054666403841,ğŸ˜†,:grinning_squinting_face:,laughing
361,1287485679728046080,ğŸ˜,:beaming_face_with_smiling_eyes:,laughing
362,1286793330039427072,ğŸ˜,:disappointed_face:,concerned
363,1287144060017418240,ğŸ¤£,:rolling_on_the_floor_laughing:,laughing
364,1287459429202497536,ğŸ˜‚,:face_with_tears_of_joy:,laughing
365,1286256961022038016,ğŸ™ƒ,:upside-down_face:,smiling
366,1287395235316850688,ğŸ˜‰,:winking_face:,smiling
367,1287064462940352512,ğŸ¥°,:smiling_face_with_3_hearts:,affection
368,1287051207450689536,ğŸ˜˜,:face_blowing_a_kiss:,affection
369,1287416687474675712,ğŸ˜ ,:angry_face:,negative
370,1286673229269159937,ğŸ˜ƒ,:grinning_face_with_big_eyes:,laughing
371,1287465087880617984,ğŸ˜‚,:face_with_tears_of_joy:,laughing
372,1280508914363240448,ğŸ¥´,:woozy_face:,unwell
373,1285645704979939328,ğŸ˜‘,:expressionless_face:,neutral
374,1287295019431469056,ğŸ˜€,:grinning_face:,laughing
375,1287533182108213248,ğŸ˜Š,:smiling_face_with_smiling_eyes:,smiling
376,1286033525834121216,ğŸ¤®,:face_vomiting:,unwell
377,1282591427629912064,ğŸ˜µ,:dizzy_face:,unwell
378,1287397107180154880,ğŸ˜·,:face_with_medical_mask:,unwell
379,1287353612344143872,ğŸ˜­,:loudly_crying_face:,concerned
380,1287145366455046144,ğŸ¤ª,:zany_face:,tongue
381,1286810475490086912,ğŸ˜š,:kissing_face_with_closed_eyes:,affection
382,1285877250261475328,ğŸ¤©,:star-struck:,affection
383,1287365628240826368,ğŸ˜‰,:winking_face:,smiling
384,1283874399448432640,ğŸ˜š,:kissing_face_with_closed_eyes:,affection
385,1286218760039391233,â˜¹ï¸,:frowning_face:,concerned
386,1282819622157328384,ğŸ˜¦,:frowning_face_with_open_mouth:,concerned
387,1251508722356150272,ğŸ¥¶,:cold_face:,unwell
388,1263885191346618368,ğŸ¥¶,:cold_face:,unwell
389,1284181781844041728,ğŸ¤©,:star-struck:,affection
390,1286350473528836096,ğŸ˜†,:grinning_squinting_face:,laughing
391,1287532920106885120,ğŸ˜,:smiling_face_with_heart-eyes:,affection
392,1287101109279109120,ğŸ˜·,:face_with_medical_mask:,unwell
393,1287398272374579205,ğŸ˜œ,:winking_face_with_tongue:,tongue
394,1287239893769498624,ğŸ˜†,:grinning_squinting_face:,laughing
395,1287505854351257600,ğŸ˜•,:confused_face:,concerned
396,1287456350272921600,ğŸ˜,:smiling_face_with_heart-eyes:,affection
397,1287178850573651968,ğŸ˜˜,:face_blowing_a_kiss:,affection
398,1286660900943011840,ğŸ˜œ,:winking_face_with_tongue:,tongue
399,1286060061152796672,ğŸ˜,:disappointed_face:,concerned
400,1287453527992930306,ğŸ˜,:beaming_face_with_smiling_eyes:,laughing
401,1284890192843870208,ğŸ¤©,:star-struck:,affection
402,1287144665641254914,ğŸ˜œ,:winking_face_with_tongue:,tongue
403,1239962085905203200,ğŸ¤’,:face_with_thermometer:,unwell
404,1287467931614486528,ğŸ˜¡,:pouting_face:,negative
405,1286394266776997888,ğŸ˜—,:kissing_face:,affection
406,1285245583083659271,ğŸ˜£,:persevering_face:,concerned
407,1284652563413991424,ğŸ˜¶,:face_without_mouth:,neutral
408,1284931453411885056,ğŸ˜™,:kissing_face_with_smiling_eyes:,affection
409,1285262681105203205,ğŸ˜£,:persevering_face:,concerned
410,1286743032096751616,ğŸ˜¤,:face_with_steam_from_nose:,negative
411,1277646456661426176,ğŸ¤®,:face_vomiting:,unwell
412,1286714862484295682,ğŸ˜†,:grinning_squinting_face:,laughing
413,1286031053510127621,ğŸ˜¥,:sad_but_relieved_face:,concerned
414,1286448144817979392,ğŸ™ƒ,:upside-down_face:,smiling
415,1286735028450398209,ğŸ™‚,:slightly_smiling_face:,smiling
416,1287362629690957826,ğŸ¤,:zipper-mouth_face:,neutral
417,1287156314062434304,ğŸ˜€,:grinning_face:,laughing
418,1261261643910189056,ğŸ˜¦,:frowning_face_with_open_mouth:,concerned
419,1286350438976167936,ğŸ¤ª,:zany_face:,tongue
420,1287496759380410368,ğŸ˜,:smiling_face_with_heart-eyes:,affection
421,1287459612296392704,ğŸ¤§,:sneezing_face:,unwell
422,1283763822130606080,ğŸ¤©,:star-struck:,affection
423,1287059637985058816,ğŸ¤ª,:zany_face:,tongue
424,1283897485803413504,ğŸ¥µ,:hot_face:,unwell
425,1287463172115505152,ğŸ˜‚,:face_with_tears_of_joy:,laughing
426,1287506512903122944,ğŸ˜Š,:smiling_face_with_smiling_eyes:,smiling
427,1286006315282845696,ğŸ˜³,:flushed_face:,concerned
428,1287491267358789632,ğŸ˜‰,:winking_face:,smiling
429,1287455728119222273,ğŸ˜,:beaming_face_with_smiling_eyes:,laughing
430,1287090984715784192,ğŸ™‚,:slightly_smiling_face:,smiling
431,1287470427317600256,ğŸ˜¢,:crying_face:,concerned
432,1285224128405016576,ğŸ¤©,:star-struck:,affection
433,1283759005127643136,ğŸ™,:slightly_frowning_face:,concerned
434,1284793912796884992,ğŸ˜š,:kissing_face_with_closed_eyes:,affection
435,1287396265966403584,ğŸ˜€,:grinning_face:,laughing
436,1279329812469989376,ğŸ¥µ,:hot_face:,unwell
437,1277830476116496384,ğŸ˜Ÿ,:worried_face:,concerned
438,1287498827285647360,ğŸ˜,:beaming_face_with_smiling_eyes:,laughing
439,1281914932410318848,ğŸ¥´,:woozy_face:,unwell
440,1286052662069334016,ğŸ˜†,:grinning_squinting_face:,laughing
441,1287342530170892288,ğŸ˜³,:flushed_face:,concerned
442,1277832405492142080,ğŸ˜®,:face_with_open_mouth:,concerned
443,1287092987013607424,ğŸ˜˜,:face_blowing_a_kiss:,affection
444,1282301538300579840,ğŸ¤•,:face_with_head-bandage:,unwell
445,1286704469841973249,ğŸ˜ƒ,:grinning_face_with_big_eyes:,laughing
446,1286761068883214336,ğŸ˜ˆ,:smiling_face_with_horns:,negative
447,1284413835408035840,ğŸ¤®,:face_vomiting:,unwell
448,1287478657787801601,ğŸ˜Š,:smiling_face_with_smiling_eyes:,smiling
449,1274810955147378688,ğŸ˜¯,:hushed_face:,concerned
450,1287047230340440064,ğŸ˜¡,:pouting_face:,negative
451,1267980253487652864,ğŸ˜µ,:dizzy_face:,unwell
452,1287071833351696384,â˜¹ï¸,:frowning_face:,concerned
453,1287291635265687552,ğŸ˜„,:grinning_face_with_smiling_eyes:,laughing
454,1287556923298951168,ğŸ˜•,:confused_face:,concerned
455,1223199606764462080,ğŸ¤’,:face_with_thermometer:,unwell
456,1281925830910910464,ğŸ˜™,:kissing_face_with_smiling_eyes:,affection
457,1283495063952269312,ğŸ™,:slightly_frowning_face:,concerned
458,1286098508488085504,â˜¹,:frowning_face:,concerned
459,1262117811499028480,ğŸ˜¦,:frowning_face_with_open_mouth:,concerned
460,1287144990641192961,ğŸ˜¢,:crying_face:,concerned
461,1275166934280126464,ğŸ¤‘,:money-mouth_face:,tongue
462,1280216505020448768,ğŸ¤‘,:money-mouth_face:,tongue
463,1287451014245896198,ğŸ˜‰,:winking_face:,smiling
464,1286946336634478594,ğŸ˜ƒ,:grinning_face_with_big_eyes:,laughing
465,1284040818609856512,ğŸ˜,:squinting_face_with_tongue:,tongue
466,1286718974156316673,ğŸ˜©,:weary_face:,concerned
467,1287350841335308288,ğŸ˜,:neutral_face:,neutral
468,1280957628361949184,ğŸ¥µ,:hot_face:,unwell
469,1285322602765058048,ğŸ¤©,:star-struck:,affection
470,1286616207194566656,ğŸ¤®,:face_vomiting:,unwell
471,1287438723211296768,ğŸ™‚,:slightly_smiling_face:,smiling
472,1286584592783343616,ğŸ˜†,:grinning_squinting_face:,laughing
473,1287096985946853382,ğŸ˜µ,:dizzy_face:,unwell
474,1287129720228917248,ğŸ˜¢,:crying_face:,concerned
475,1284131985821175808,â˜¹,:frowning_face:,concerned
476,1287100154890407936,ğŸ˜„,:grinning_face_with_smiling_eyes:,laughing
477,1287055680390590464,ğŸ˜†,:grinning_squinting_face:,laughing
478,1287077887623999488,ğŸ˜„,:grinning_face_with_smiling_eyes:,laughing
479,1287089694820499456,ğŸ˜,:disappointed_face:,concerned
480,1286974679287320576,ğŸ˜•,:confused_face:,concerned
481,1287009808927920128,ğŸ˜—,:kissing_face:,affection
482,1278312100348207104,ğŸ¤‘,:money-mouth_face:,tongue
483,1286998477994627072,ğŸ˜,:neutral_face:,neutral
484,1287479934047444993,ğŸ˜‚,:face_with_tears_of_joy:,laughing
485,1287372098986323968,ğŸ˜·,:face_with_medical_mask:,unwell
486,1287071042150834177,ğŸ˜†,:grinning_squinting_face:,laughing
487,1286719171938725889,ğŸ˜œ,:winking_face_with_tongue:,tongue
488,1287512342322872322,ğŸ˜¢,:crying_face:,concerned
489,1285500938598350848,ğŸ˜,:disappointed_face:,concerned
490,1286563202210369537,ğŸ˜¤,:face_with_steam_from_nose:,negative
491,1275875817453748224,ğŸ˜—,:kissing_face:,affection
492,1284358620533137408,ğŸ¤¬,:face_with_symbols_on_mouth:,negative
493,1280417861396242432,ğŸ˜™,:kissing_face_with_smiling_eyes:,affection
494,1285858308558135296,ğŸ¤©,:star-struck:,affection
495,1286800607643340807,ğŸ˜ˆ,:smiling_face_with_horns:,negative
496,1286572948460101632,ğŸ™‚,:slightly_smiling_face:,smiling
497,1260216417498038272,ğŸ¤’,:face_with_thermometer:,unwell
498,1287000932828545024,â˜¹,:frowning_face:,concerned
499,1282895930765737984,ğŸ˜µ,:dizzy_face:,unwell
500,1283025917414178816,ğŸ¤®,:face_vomiting:,unwell
501,1285668201804836866,ğŸ˜–,:confounded_face:,concerned
502,1287440990673022976,ğŸ˜…,:grinning_face_with_sweat:,laughing
503,1286961380365611008,ğŸ˜„,:grinning_face_with_smiling_eyes:,laughing
504,1286772886662008832,ğŸ˜†,:grinning_squinting_face:,laughing
505,1278984857733955584,ğŸ˜Ÿ,:worried_face:,concerned
506,1236370078637133824,ğŸ¥¶,:cold_face:,unwell
507,1283424040674361344,ğŸ¤¢,:nauseated_face:,unwell
508,1278259523107651584,ğŸ¥µ,:hot_face:,unwell
509,1287077563257552897,ğŸ˜„,:grinning_face_with_smiling_eyes:,laughing
510,1284092510915174400,ğŸ˜¶,:face_without_mouth:,neutral
511,1287358763079553024,ğŸ˜˜,:face_blowing_a_kiss:,affection
512,1283742598298046464,â˜¹,:frowning_face:,concerned
513,1286672572562714624,ğŸ¤©,:star-struck:,affection
514,1286571765855068160,ğŸ™‚,:slightly_smiling_face:,smiling
515,1286340478120714240,ğŸ˜œ,:winking_face_with_tongue:,tongue
516,1287356770231496704,ğŸ™ƒ,:upside-down_face:,smiling
517,1287411393646530560,ğŸ™‚,:slightly_smiling_face:,smiling
518,1287139841797390336,ğŸ˜…,:grinning_face_with_sweat:,laughing
519,1287118449911701504,ğŸ™‚,:slightly_smiling_face:,smiling
520,1286203527338119168,ğŸ¤©,:star-struck:,affection
521,1287083556142030848,ğŸ˜€,:grinning_face:,laughing
522,1285734001219690497,ğŸ˜£,:persevering_face:,concerned
523,1284268519098667008,ğŸ˜Ÿ,:worried_face:,concerned
524,1285669363681579008,ğŸ˜¤,:face_with_steam_from_nose:,negative
525,1285993737982742528,ğŸ¤¬,:face_with_symbols_on_mouth:,negative
526,1287095678607536128,ğŸ¤ª,:zany_face:,tongue
527,1285493493960499200,ğŸ˜¥,:sad_but_relieved_face:,concerned
528,1285287282866520064,ğŸ˜,:disappointed_face:,concerned
529,1285201161373581312,ğŸ˜,:neutral_face:,neutral
530,1279417564951654400,ğŸ¥µ,:hot_face:,unwell
531,1269668220052680704,ğŸ˜§,:anguished_face:,concerned
532,1286776026094276608,ğŸ¤§,:sneezing_face:,unwell
533,1284971484587458560,ğŸ˜—,:kissing_face:,affection
534,1286735654110597120,ğŸ˜œ,:winking_face_with_tongue:,tongue
535,1278236336080801792,ğŸ˜Ÿ,:worried_face:,concerned
536,1285510021363752961,ğŸ˜–,:confounded_face:,concerned
537,1285509849783177217,ğŸ˜,:disappointed_face:,concerned
538,1287002259709218816,ğŸ˜·,:face_with_medical_mask:,unwell
539,1284553467231711232,ğŸ˜•,:confused_face:,concerned
540,1287118941677133830,ğŸ˜„,:grinning_face_with_smiling_eyes:,laughing
541,1285777568818397184,ğŸ¤ª,:zany_face:,tongue
542,1284882177747030016,ğŸ˜¶,:face_without_mouth:,neutral
543,1287030884030349312,ğŸ¤£,:rolling_on_the_floor_laughing:,laughing
544,1286633159250055168,ğŸ˜ˆ,:smiling_face_with_horns:,negative
545,1287491553003536384,ğŸ˜…,:grinning_face_with_sweat:,laughing
546,1287435491919495168,ğŸ¥°,:smiling_face_with_3_hearts:,affection
547,1287482105828712448,ğŸ˜‰,:winking_face:,smiling
548,1285963486099636224,ğŸ¥µ,:hot_face:,unwell
549,1287302619917103104,ğŸ˜ƒ,:grinning_face_with_big_eyes:,laughing
550,1283222493327745024,ğŸ˜µ,:dizzy_face:,unwell
551,1287363742301392896,ğŸ˜‡,:smiling_face_with_halo:,smiling
552,1287015305915576320,ğŸ˜„,:grinning_face_with_smiling_eyes:,laughing
553,1286807008792981504,ğŸ¥°,:smiling_face_with_3_hearts:,affection
554,1287337293574025216,ğŸ¤£,:rolling_on_the_floor_laughing:,laughing
555,1287289298203619329,ğŸ˜˜,:face_blowing_a_kiss:,affection
556,1287340130341191681,ğŸ¤£,:rolling_on_the_floor_laughing:,laughing
557,1287139994491138049,ğŸ˜…,:grinning_face_with_sweat:,laughing
558,1286755199537819662,ğŸ™ƒ,:upside-down_face:,smiling
559,1287290909412012032,ğŸ˜‰,:winking_face:,smiling
560,1287310161632272384,ğŸ˜‘,:expressionless_face:,neutral
561,1285222074781442048,ğŸ˜,:neutral_face:,neutral
562,1286556971823497218,ğŸ˜ˆ,:smiling_face_with_horns:,negative
563,1287444081895968775,ğŸ˜,:smiling_face_with_heart-eyes:,affection
564,1262298636232376320,ğŸ¤•,:face_with_head-bandage:,unwell
565,1287386285842280454,ğŸ˜€,:grinning_face:,laughing
566,1286685654571724800,â˜¹ï¸,:frowning_face:,concerned
567,1287403036135034883,ğŸ˜‰,:winking_face:,smiling
568,1287325975970230273,ğŸ˜,:smiling_face_with_heart-eyes:,affection
569,1287410118565310464,ğŸ˜,:beaming_face_with_smiling_eyes:,laughing
570,1275553185218924544,ğŸ˜§,:anguished_face:,concerned
571,1286750454467223557,ğŸ˜°,:anxious_face_with_sweat:,concerned
572,1286624411152461824,ğŸ˜†,:grinning_squinting_face:,laughing
573,1281578482846306304,ğŸ˜¶,:face_without_mouth:,neutral
574,1283906263244472320,ğŸ¤§,:sneezing_face:,unwell
575,1287420688756867072,ğŸ˜˜,:face_blowing_a_kiss:,affection
576,1276168322485288960,ğŸ˜µ,:dizzy_face:,unwell
577,1287431852932947968,ğŸ˜¶,:face_without_mouth:,neutral
578,1272665807324098560,ğŸ˜—,:kissing_face:,affection
579,1287186523524399104,ğŸ¤£,:rolling_on_the_floor_laughing:,laughing
580,1285793160505982976,ğŸ˜ ,:angry_face:,negative
581,1287306953341968384,ğŸ˜ƒ,:grinning_face_with_big_eyes:,laughing
582,1287132494714875905,ğŸ˜„,:grinning_face_with_smiling_eyes:,laughing
583,1287069975312769024,ğŸ˜ƒ,:grinning_face_with_big_eyes:,laughing
584,1287139115906011139,ğŸ˜³,:flushed_face:,concerned
585,1287094146797379584,ğŸ˜˜,:face_blowing_a_kiss:,affection
586,1286354110023970823,ğŸ˜•,:confused_face:,concerned
587,1263493415783870464,ğŸ¥¶,:cold_face:,unwell
588,1287296721652002816,ğŸ˜„,:grinning_face_with_smiling_eyes:,laughing
589,1280217035050561536,ğŸ¥´,:woozy_face:,unwell
590,1287359571502170112,ğŸ˜¶,:face_without_mouth:,neutral
591,1286929393261174784,ğŸ¤£,:rolling_on_the_floor_laughing:,laughing
592,1285899727968645120,ğŸ˜°,:anxious_face_with_sweat:,concerned
593,1287080979069370368,ğŸ˜€,:grinning_face:,laughing
594,1282940405059858432,ğŸ˜“,:downcast_face_with_sweat:,concerned
595,1287094254175694848,ğŸ˜ƒ,:grinning_face_with_big_eyes:,laughing
596,1274816475090608128,ğŸ¤,:zipper-mouth_face:,neutral
597,1285633180280774656,ğŸ˜ ,:angry_face:,negative
598,1286969423665016832,ğŸ˜¡,:pouting_face:,negative
599,1275775802127327232,ğŸ‘¿,:angry_face_with_horns:,negative
600,1287393400292024320,ğŸ˜,:smiling_face_with_heart-eyes:,affection
601,1286554516075225088,ğŸ˜ƒ,:grinning_face_with_big_eyes:,laughing
602,1286273739550793728,ğŸ¤§,:sneezing_face:,unwell
603,1287084858318237696,ğŸ˜€,:grinning_face:,laughing
604,1287485605182615552,ğŸ˜,:smiling_face_with_heart-eyes:,affection
605,1287413217115934720,ğŸ¤©,:star-struck:,affection
606,1283096561640263680,ğŸ¤¢,:nauseated_face:,unwell
607,1286699056161595397,ğŸ˜ƒ,:grinning_face_with_big_eyes:,laughing
608,1287499224444211200,ğŸ˜…,:grinning_face_with_sweat:,laughing
609,1286701920309084166,ğŸ˜ƒ,:grinning_face_with_big_eyes:,laughing
610,1287470131690508290,ğŸ˜‚,:face_with_tears_of_joy:,laughing
611,1285986851388567555,ğŸ˜œ,:winking_face_with_tongue:,tongue
612,1287387430711156736,ğŸ˜‰,:winking_face:,smiling
613,1285833714358984705,ğŸ˜¤,:face_with_steam_from_nose:,negative
614,1285179546170535936,ğŸ˜µ,:dizzy_face:,unwell
615,1287053364052791296,ğŸ˜‡,:smiling_face_with_halo:,smiling
616,1287404678276362242,ğŸ˜«,:tired_face:,concerned
617,1287417903164399616,ğŸ˜,:squinting_face_with_tongue:,tongue
618,1284385622598266882,ğŸ˜£,:persevering_face:,concerned
619,1280868823856549888,ğŸ¤®,:face_vomiting:,unwell
620,1286190359098335232,ğŸ˜‘,:expressionless_face:,neutral
621,1237422772302774272,ğŸ¥¶,:cold_face:,unwell
622,1287404866474774528,ğŸ˜¡,:pouting_face:,negative
623,1270314163345207296,ğŸ¤‘,:money-mouth_face:,tongue
624,1287124036175237120,â˜¹,:frowning_face:,concerned
625,1263497071031656448,ğŸ¤’,:face_with_thermometer:,unwell
626,1282716358363488256,ğŸ¤©,:star-struck:,affection
627,1287004513480724480,ğŸ˜œ,:winking_face_with_tongue:,tongue
628,1258457454444191744,ğŸ˜¦,:frowning_face_with_open_mouth:,concerned
629,1284529277346742272,ğŸ˜‘,:expressionless_face:,neutral
630,1286659342213746689,ğŸ™ƒ,:upside-down_face:,smiling
631,1285200181747757057,ğŸ˜•,:confused_face:,concerned
632,1287455792170512385,ğŸ˜‰,:winking_face:,smiling
633,1286726450436071424,ğŸ˜—,:kissing_face:,affection
634,1277711843667120128,ğŸ¤,:zipper-mouth_face:,neutral
635,1287480267859525632,ğŸ˜‚,:face_with_tears_of_joy:,laughing
636,1280897102768304128,ğŸ¤’,:face_with_thermometer:,unwell
637,1287147637184049152,ğŸ˜•,:confused_face:,concerned
638,1287349073914277891,ğŸ˜¡,:pouting_face:,negative
639,1285952821591003137,ğŸ˜œ,:winking_face_with_tongue:,tongue
640,1246206556540207104,ğŸ˜§,:anguished_face:,concerned
641,1287429855953510400,ğŸ˜¶,:face_without_mouth:,neutral
642,1286972135500582912,ğŸ˜Ÿ,:worried_face:,concerned
643,1284614812371230720,ğŸ¤§,:sneezing_face:,unwell
644,1242330971862638592,ğŸ¤’,:face_with_thermometer:,unwell
645,1287365579976966144,ğŸ˜§,:anguished_face:,concerned
646,1287497693988892672,ğŸ˜•,:confused_face:,concerned
647,1287036953318367233,ğŸ˜ ,:angry_face:,negative
648,1285897982630658048,ğŸ¤‘,:money-mouth_face:,tongue
649,1284845450277859328,ğŸ˜•,:confused_face:,concerned
650,1259468596939538432,ğŸ¤•,:face_with_head-bandage:,unwell
651,1287497624388620290,ğŸ˜­,:loudly_crying_face:,concerned
652,1287027048284856320,ğŸ˜‡,:smiling_face_with_halo:,smiling
653,1281721879246643200,ğŸ¥´,:woozy_face:,unwell
654,1284504477270192128,ğŸ˜,:neutral_face:,neutral
655,1284958822759567360,ğŸ˜,:neutral_face:,neutral
656,1283837477321670656,ğŸ¤¬,:face_with_symbols_on_mouth:,negative
657,1280087114802176000,ğŸ¥µ,:hot_face:,unwell
658,1285659794737631233,ğŸ˜‘,:expressionless_face:,neutral
659,1286673202752741376,ğŸ¤¢,:nauseated_face:,unwell
660,1287085752631865344,ğŸ˜€,:grinning_face:,laughing
661,1285746954534871040,ğŸ˜ ,:angry_face:,negative
662,1287001714504224768,ğŸ˜†,:grinning_squinting_face:,laughing
663,1284177485115068416,ğŸ¤®,:face_vomiting:,unwell
664,1286710946342342656,ğŸ¤ª,:zany_face:,tongue
665,1285934279969710080,ğŸ˜¥,:sad_but_relieved_face:,concerned
666,1285555714203820032,ğŸ˜ ,:angry_face:,negative
667,1285864429213618176,â˜¹,:frowning_face:,concerned
668,1285184535701987330,ğŸ¤,:zipper-mouth_face:,neutral
669,1287020013728272384,ğŸ˜·,:face_with_medical_mask:,unwell
670,1243121279919624192,ğŸ¥¶,:cold_face:,unwell
671,1287089902090358785,ğŸ˜¢,:crying_face:,concerned
672,1281561549128310784,ğŸ¤¨,:face_with_raised_eyebrow:,neutral
673,1286308813549850624,ğŸ˜•,:confused_face:,concerned
674,1287437141413433344,ğŸ˜…,:grinning_face_with_sweat:,laughing
675,1287016205501583360,ğŸ¤£,:rolling_on_the_floor_laughing:,laughing
676,1287552609847394304,ğŸ˜ ,:angry_face:,negative
677,1287376090214936576,ğŸ˜€,:grinning_face:,laughing
678,1287478979973255168,ğŸ˜‚,:face_with_tears_of_joy:,laughing
679,1272881400849543168,ğŸ˜¯,:hushed_face:,concerned
680,1286850855359131648,ğŸ˜ƒ,:grinning_face_with_big_eyes:,laughing
681,1287132373797277702,ğŸ˜¢,:crying_face:,concerned
682,1287272776567525376,ğŸ˜€,:grinning_face:,laughing
683,1286229780342374400,ğŸ˜•,:confused_face:,concerned
684,1287389933418807296,ğŸ¤£,:rolling_on_the_floor_laughing:,laughing
685,1285548004125155328,ğŸ˜ ,:angry_face:,negative
686,1287085840095678464,ğŸ¤©,:star-struck:,affection
687,1286950001839501313,ğŸ˜©,:weary_face:,concerned
688,1285884271400493056,ğŸ˜ ,:angry_face:,negative
689,1287455697832206336,ğŸ˜•,:confused_face:,concerned
690,1286931140633341952,ğŸ˜Ÿ,:worried_face:,concerned
691,1286005175908532224,ğŸ˜ ,:angry_face:,negative
692,1287038876444495872,ğŸ¤ª,:zany_face:,tongue
693,1250779925805744128,ğŸ¤’,:face_with_thermometer:,unwell
694,1285082412184207361,ğŸ˜£,:persevering_face:,concerned
695,1280187587320307712,ğŸ¤•,:face_with_head-bandage:,unwell
696,1283803887720370176,ğŸ¤¬,:face_with_symbols_on_mouth:,negative
697,1287492165581647872,ğŸ˜Š,:smiling_face_with_smiling_eyes:,smiling
698,1287300738054529024,ğŸ¥°,:smiling_face_with_3_hearts:,affection
699,1284351755854196736,ğŸ˜“,:downcast_face_with_sweat:,concerned
700,1287129049572179968,ğŸ˜„,:grinning_face_with_smiling_eyes:,laughing
701,1276525068428992512,ğŸ¤¢,:nauseated_face:,unwell
702,1287439930143186944,ğŸ™ƒ,:upside-down_face:,smiling
703,1287045474189488130,ğŸ˜¡,:pouting_face:,negative
704,1285897511920635904,ğŸ¤¨,:face_with_raised_eyebrow:,neutral
705,1287097127194316802,ğŸ˜˜,:face_blowing_a_kiss:,affection
706,1287295470872801280,ğŸ˜ƒ,:grinning_face_with_big_eyes:,laughing
707,1285885077252190208,ğŸ‘¿,:angry_face_with_horns:,negative
708,1287335418816602113,ğŸ™‚,:slightly_smiling_face:,smiling
709,1287061461618040832,ğŸ˜„,:grinning_face_with_smiling_eyes:,laughing
710,1284926823562973184,â˜¹ï¸,:frowning_face:,concerned
711,1286619236991934467,ğŸ˜ ,:angry_face:,negative
712,1287059103529959424,ğŸ˜˜,:face_blowing_a_kiss:,affection
713,1279858622894391296,ğŸ˜¯,:hushed_face:,concerned
714,1286380403259998208,ğŸ˜š,:kissing_face_with_closed_eyes:,affection
715,1286146590281957376,ğŸ˜°,:anxious_face_with_sweat:,concerned
716,1286595598125277184,ğŸ‘¿,:angry_face_with_horns:,negative
717,1287088043355242496,ğŸ˜˜,:face_blowing_a_kiss:,affection
718,1286956565988364288,ğŸ˜¡,:pouting_face:,negative
719,1286750020574773248,ğŸ˜¶,:face_without_mouth:,neutral
720,1281495682742984704,ğŸ¤,:zipper-mouth_face:,neutral
721,1283706704551608320,â˜¹,:frowning_face:,concerned
722,1286357109416787968,ğŸ˜œ,:winking_face_with_tongue:,tongue
723,1287400282889039876,ğŸ˜,:smiling_face_with_heart-eyes:,affection
724,1287057301212467202,ğŸ˜€,:grinning_face:,laughing
725,1284479474369789952,ğŸ¤©,:star-struck:,affection
726,1287029530167775232,ğŸ˜ƒ,:grinning_face_with_big_eyes:,laughing
727,1284932180658081794,ğŸ˜‘,:expressionless_face:,neutral
728,1285464727292870656,ğŸ¤¨,:face_with_raised_eyebrow:,neutral
729,1287418254730964992,ğŸ˜Š,:smiling_face_with_smiling_eyes:,smiling
730,1286016693148569600,ğŸ˜•,:confused_face:,concerned
731,1285868330344222720,ğŸ¥¶,:cold_face:,unwell
732,1287379018233282561,ğŸ˜Š,:smiling_face_with_smiling_eyes:,smiling
733,1285307676390559750,ğŸ˜£,:persevering_face:,concerned
734,1286990717760548865,ğŸ¤£,:rolling_on_the_floor_laughing:,laughing
735,1270496130242162688,ğŸ¤,:zipper-mouth_face:,neutral
736,1283039856910839808,ğŸ˜—,:kissing_face:,affection
737,1286909759371780096,ğŸ˜ ,:angry_face:,negative
738,1287334782444154881,ğŸ˜„,:grinning_face_with_smiling_eyes:,laughing
739,1287028255732760576,ğŸ˜œ,:winking_face_with_tongue:,tongue
740,1286604479744184320,ğŸ‘¿,:angry_face_with_horns:,negative
741,1284737839813529600,ğŸ˜‘,:expressionless_face:,neutral
742,1287301225864732677,ğŸ˜‡,:smiling_face_with_halo:,smiling
743,1285286760876998659,ğŸ˜‘,:expressionless_face:,neutral
744,1285702018737242113,ğŸ˜¥,:sad_but_relieved_face:,concerned
745,1287145148791558144,ğŸ¤¬,:face_with_symbols_on_mouth:,negative
746,1287253977000796161,ğŸ¤£,:rolling_on_the_floor_laughing:,laughing
747,1280231862145880064,ğŸ¤®,:face_vomiting:,unwell
748,1284765556906823680,ğŸ˜™,:kissing_face_with_smiling_eyes:,affection
749,1287472259481968640,ğŸ˜Š,:smiling_face_with_smiling_eyes:,smiling
750,1287457478637228032,ğŸ˜,:smiling_face_with_heart-eyes:,affection
751,1286516838428532736,ğŸ˜œ,:winking_face_with_tongue:,tongue
752,1285956800504791040,ğŸ¤ª,:zany_face:,tongue
753,1286761608052703232,ğŸ˜ ,:angry_face:,negative
754,1254430134251159552,ğŸ˜¦,:frowning_face_with_open_mouth:,concerned
755,1287306507441311744,ğŸ˜‰,:winking_face:,smiling
756,1285627949182529537,ğŸ˜§,:anguished_face:,concerned
757,1286198108444135424,ğŸ˜Ÿ,:worried_face:,concerned
758,1287484889353216001,ğŸ˜‚,:face_with_tears_of_joy:,laughing
759,1285225923328040960,ğŸ˜“,:downcast_face_with_sweat:,concerned
760,1287100364685291520,ğŸ™ƒ,:upside-down_face:,smiling
761,1286795510783840256,ğŸ˜«,:tired_face:,concerned
762,1285040655324950529,ğŸ˜£,:persevering_face:,concerned
763,1286757775876513792,ğŸ™‚,:slightly_smiling_face:,smiling
764,1287257647909990400,ğŸ¥´,:woozy_face:,unwell
765,1280249894536654848,ğŸ˜¯,:hushed_face:,concerned
766,1282352066028085248,ğŸ˜“,:downcast_face_with_sweat:,concerned
767,1286271383341805569,ğŸ™ƒ,:upside-down_face:,smiling
768,1286558775701381120,ğŸ˜¥,:sad_but_relieved_face:,concerned
769,1287459965964353536,ğŸ˜·,:face_with_medical_mask:,unwell
770,1268619294729895936,ğŸ˜µ,:dizzy_face:,unwell
771,1287451151621861378,ğŸ˜–,:confounded_face:,concerned
772,1271839309314867200,ğŸ˜§,:anguished_face:,concerned
773,1287147019107270656,ğŸ˜ƒ,:grinning_face_with_big_eyes:,laughing
774,1286989841557868544,ğŸ¥°,:smiling_face_with_3_hearts:,affection
775,1285325044382654465,ğŸ˜,:neutral_face:,neutral
776,1287394680364310528,ğŸ˜†,:grinning_squinting_face:,laughing
777,1287102402953449472,ğŸ¤£,:rolling_on_the_floor_laughing:,laughing
778,1286562040497278976,ğŸ™‚,:slightly_smiling_face:,smiling
779,1287348500276088832,ğŸ˜,:beaming_face_with_smiling_eyes:,laughing
780,1286361752557559808,ğŸ™ƒ,:upside-down_face:,smiling
781,1287093576690806787,ğŸ˜˜,:face_blowing_a_kiss:,affection
782,1287491644586176512,ğŸ™‚,:slightly_smiling_face:,smiling
783,1287353818393579520,ğŸ˜€,:grinning_face:,laughing
784,1287430238947901440,ğŸ˜‰,:winking_face:,smiling
785,1287146810906157056,ğŸ˜‡,:smiling_face_with_halo:,smiling
786,1287454968178499587,ğŸ˜‰,:winking_face:,smiling
787,1287368228600188930,ğŸ˜˜,:face_blowing_a_kiss:,affection
788,1278655622267969536,ğŸ¤‘,:money-mouth_face:,tongue
789,1287420968739143681,ğŸ˜¡,:pouting_face:,negative
790,1286400898105774080,ğŸ™,:slightly_frowning_face:,concerned
791,1286584558796906496,ğŸ˜†,:grinning_squinting_face:,laughing
792,1287101467862728706,ğŸ˜€,:grinning_face:,laughing
793,1287106082414813185,ğŸ˜‡,:smiling_face_with_halo:,smiling
794,1283158711368810496,ğŸ˜“,:downcast_face_with_sweat:,concerned
795,1286027386035806209,ğŸ˜š,:kissing_face_with_closed_eyes:,affection
796,1286774725851721735,ğŸ™‚,:slightly_smiling_face:,smiling
797,1285999025905377280,ğŸ¤®,:face_vomiting:,unwell
798,1283698367508418560,ğŸ˜,:neutral_face:,neutral
799,1284806588658835456,ğŸ˜Ÿ,:worried_face:,concerned
800,1287485148921987072,ğŸ˜‡,:smiling_face_with_halo:,smiling
801,1286258601896693760,ğŸ˜†,:grinning_squinting_face:,laughing
802,1287332607307513859,ğŸ˜‰,:winking_face:,smiling
803,1287368682583326720,ğŸ˜™,:kissing_face_with_smiling_eyes:,affection
804,1283064302698725376,ğŸ¤©,:star-struck:,affection
805,1287105216425451520,ğŸ˜†,:grinning_squinting_face:,laughing
806,1285975560263553025,ğŸ˜¤,:face_with_steam_from_nose:,negative
807,1286770426941706243,ğŸ˜Ÿ,:worried_face:,concerned
808,1285206220446498817,ğŸ˜‘,:expressionless_face:,neutral
809,1286689220892020736,ğŸ˜ˆ,:smiling_face_with_horns:,negative
810,1286067479832297473,ğŸ˜œ,:winking_face_with_tongue:,tongue
811,1286945976435998720,ğŸ¥°,:smiling_face_with_3_hearts:,affection
812,1282039874837794816,ğŸ˜™,:kissing_face_with_smiling_eyes:,affection
813,1287084360315936768,ğŸ˜ƒ,:grinning_face_with_big_eyes:,laughing
814,1277229046888267776,ğŸ˜¦,:frowning_face_with_open_mouth:,concerned
815,1286647809400242176,ğŸ˜†,:grinning_squinting_face:,laughing
816,1287496794071617536,ğŸ¤£,:rolling_on_the_floor_laughing:,laughing
817,1286722416199245824,ğŸ˜œ,:winking_face_with_tongue:,tongue
818,1287371915653451777,ğŸ˜­,:loudly_crying_face:,concerned
819,1285270617340739588,â˜¹ï¸,:frowning_face:,concerned
820,1287406923336351744,ğŸ˜€,:grinning_face:,laughing
821,1286939740865015808,ğŸ¥°,:smiling_face_with_3_hearts:,affection
822,1286056594401308680,ğŸ˜•,:confused_face:,concerned
823,1278013057885708288,ğŸ¥µ,:hot_face:,unwell
824,1280994087374553088,ğŸ˜¦,:frowning_face_with_open_mouth:,concerned
825,1285930708574392320,ğŸ˜,:disappointed_face:,concerned
826,1287514686729093120,ğŸ˜Š,:smiling_face_with_smiling_eyes:,smiling
827,1286039251759632387,ğŸ˜¨,:fearful_face:,concerned
828,1287376562732650496,ğŸ˜¡,:pouting_face:,negative
829,1287483252249436160,ğŸ˜¡,:pouting_face:,negative
830,1287138114889187328,ğŸ™‚,:slightly_smiling_face:,smiling
831,1272312093891612672,ğŸ¥¶,:cold_face:,unwell
832,1285920986953650176,ğŸ¤®,:face_vomiting:,unwell
833,1286352303805669376,ğŸ˜›,:face_with_tongue:,tongue
834,1284949614563647488,ğŸ˜¤,:face_with_steam_from_nose:,negative
835,1285474480685490176,ğŸ¤’,:face_with_thermometer:,unwell
836,1285503451926073344,â˜¹ï¸,:frowning_face:,concerned
837,1285875352808587264,ğŸ˜“,:downcast_face_with_sweat:,concerned
838,1285977978846027776,ğŸ¤ª,:zany_face:,tongue
839,1284963448925937664,ğŸ˜›,:face_with_tongue:,tongue
840,1287493988577087488,ğŸ˜,:disappointed_face:,concerned
841,1267129595435921408,ğŸ¥¶,:cold_face:,unwell
842,1287431394495328256,ğŸ˜‡,:smiling_face_with_halo:,smiling
843,1287507827926409216,ğŸ˜,:beaming_face_with_smiling_eyes:,laughing
844,1287476437491109888,ğŸ˜‚,:face_with_tears_of_joy:,laughing
845,1287140199458312192,ğŸ˜ ,:angry_face:,negative
846,1287345500233097216,ğŸ˜·,:face_with_medical_mask:,unwell
847,1286009322531631104,ğŸ˜š,:kissing_face_with_closed_eyes:,affection
848,1286062712783605760,ğŸ˜,:squinting_face_with_tongue:,tongue
849,1281933504713039872,ğŸ¤¨,:face_with_raised_eyebrow:,neutral
850,1286550472967352320,ğŸ˜ ,:angry_face:,negative
851,1287024008500846593,ğŸ˜†,:grinning_squinting_face:,laughing
852,1284766438117519360,ğŸ¥¶,:cold_face:,unwell
853,1283030073302450176,ğŸ¤¬,:face_with_symbols_on_mouth:,negative
854,1287380072178098176,ğŸ˜·,:face_with_medical_mask:,unwell
855,1283281648490954752,ğŸ™,:slightly_frowning_face:,concerned
856,1286739779019841536,ğŸ˜©,:weary_face:,concerned
857,1284909368127913984,ğŸ¤,:zipper-mouth_face:,neutral
858,1286732435313446913,ğŸ˜¥,:sad_but_relieved_face:,concerned
859,1286944989973491712,ğŸ™‚,:slightly_smiling_face:,smiling
860,1286713744010153984,ğŸ˜ˆ,:smiling_face_with_horns:,negative
861,1285320383281987584,ğŸ˜¶,:face_without_mouth:,neutral
862,1280931021161201664,ğŸ¥µ,:hot_face:,unwell
863,1266035162598518784,ğŸ˜§,:anguished_face:,concerned
864,1284455091186147328,ğŸ˜›,:face_with_tongue:,tongue
865,1287348667893059584,ğŸ˜œ,:winking_face_with_tongue:,tongue
866,1287153965747113985,ğŸ¤£,:rolling_on_the_floor_laughing:,laughing
867,1274456109131149312,ğŸ˜¦,:frowning_face_with_open_mouth:,concerned
868,1287477456597811203,ğŸ˜ˆ,:smiling_face_with_horns:,negative
869,1286873812815032320,ğŸ˜·,:face_with_medical_mask:,unwell
870,1287135712991678466,ğŸ˜š,:kissing_face_with_closed_eyes:,affection
871,1287068701926318080,ğŸ™‚,:slightly_smiling_face:,smiling
872,1287435681980190720,ğŸ˜‡,:smiling_face_with_halo:,smiling
873,1287476227444482048,ğŸ˜,:squinting_face_with_tongue:,tongue
874,1280626404481273856,ğŸ¤®,:face_vomiting:,unwell
875,1287097150887919616,ğŸ˜¡,:pouting_face:,negative
876,1287486646611595264,ğŸ˜¶,:face_without_mouth:,neutral
877,1287484379510579200,ğŸ˜­,:loudly_crying_face:,concerned
878,1284971045993230338,ğŸ™,:slightly_frowning_face:,concerned
879,1284768504378515456,ğŸ¤’,:face_with_thermometer:,unwell
880,1287460311805693952,ğŸ™‚,:slightly_smiling_face:,smiling
881,1282754437795196928,ğŸ˜¶,:face_without_mouth:,neutral
882,1286989712062906368,ğŸ˜˜,:face_blowing_a_kiss:,affection
883,1287309839539097601,ğŸ˜œ,:winking_face_with_tongue:,tongue
884,1287078533853073409,ğŸ˜œ,:winking_face_with_tongue:,tongue
885,1287521443782242310,ğŸ˜³,:flushed_face:,concerned
886,1287099414117519360,ğŸ˜€,:grinning_face:,laughing
887,1283417082936397824,ğŸ¤¨,:face_with_raised_eyebrow:,neutral
888,1287489490152554497,ğŸ˜œ,:winking_face_with_tongue:,tongue
889,1285582807264137216,ğŸ˜·,:face_with_medical_mask:,unwell
890,1287323190977605632,ğŸ˜,:smiling_face_with_heart-eyes:,affection
891,1287502704726638592,ğŸ˜,:smiling_face_with_heart-eyes:,affection
892,1287466631715684352,ğŸ˜‰,:winking_face:,smiling
893,1287470439984500737,ğŸ¤£,:rolling_on_the_floor_laughing:,laughing
894,1285578871253991425,ğŸ˜,:disappointed_face:,concerned
895,1287473792642678784,ğŸ™ƒ,:upside-down_face:,smiling
896,1283506741599141888,ğŸ¤®,:face_vomiting:,unwell
897,1285125212066000896,â˜¹,:frowning_face:,concerned
898,1285974178588512262,ğŸ˜œ,:winking_face_with_tongue:,tongue
899,1286570531735638016,ğŸ¤‘,:money-mouth_face:,tongue
900,1285890205128560640,ğŸ¤©,:star-struck:,affection
901,1283586525259870208,ğŸ‘¿,:angry_face_with_horns:,negative
902,1287352404409810946,ğŸ˜Š,:smiling_face_with_smiling_eyes:,smiling
903,1287266791031476224,ğŸ¥°,:smiling_face_with_3_hearts:,affection
904,1287366385342066688,ğŸ˜‰,:winking_face:,smiling
905,1283170819766714368,ğŸ¤’,:face_with_thermometer:,unwell
906,1285906683278090240,ğŸ˜,:neutral_face:,neutral
907,1286637905465810944,ğŸ™ƒ,:upside-down_face:,smiling
908,1285650949130850309,ğŸ˜,:disappointed_face:,concerned
909,1285844834218119168,ğŸ˜¶,:face_without_mouth:,neutral
910,1276062587407544320,ğŸ¤‘,:money-mouth_face:,tongue
911,1278782833184694272,ğŸ¥´,:woozy_face:,unwell
912,1287260670543749120,ğŸ˜˜,:face_blowing_a_kiss:,affection
913,1287463125344821250,ğŸ˜…,:grinning_face_with_sweat:,laughing
914,1284212804585771008,ğŸ˜,:squinting_face_with_tongue:,tongue
915,1285717762707542016,ğŸ™,:slightly_frowning_face:,concerned
916,1286438564503400448,ğŸ˜‘,:expressionless_face:,neutral
917,1286620245726318592,ğŸ¤ª,:zany_face:,tongue
918,1286768800092884992,ğŸ˜›,:face_with_tongue:,tongue
919,1285589867255209984,ğŸ˜,:neutral_face:,neutral
920,1278836182554738688,ğŸ¥´,:woozy_face:,unwell
921,1287163667952402432,ğŸ˜€,:grinning_face:,laughing
922,1284171655527510016,ğŸ¤•,:face_with_head-bandage:,unwell
923,1286196837662240768,ğŸ™ƒ,:upside-down_face:,smiling
924,1287527926498496512,ğŸ˜,:squinting_face_with_tongue:,tongue
925,1286309713852891136,ğŸ˜†,:grinning_squinting_face:,laughing
926,1287423044814856193,ğŸ˜‰,:winking_face:,smiling
927,1287313030829703168,ğŸ˜,:beaming_face_with_smiling_eyes:,laughing
928,1287382879018921984,ğŸ˜ƒ,:grinning_face_with_big_eyes:,laughing
929,1285294070101934081,ğŸ˜‘,:expressionless_face:,neutral
930,1287109980768870401,ğŸ˜‡,:smiling_face_with_halo:,smiling
931,1287366962943852545,ğŸ˜,:smiling_face_with_heart-eyes:,affection
932,1287447544767950848,ğŸ˜€,:grinning_face:,laughing
933,1287313353057144832,ğŸ˜,:beaming_face_with_smiling_eyes:,laughing
934,1284921737721843712,ğŸ¤•,:face_with_head-bandage:,unwell
935,1285197134917259265,ğŸ˜²,:astonished_face:,concerned
936,1286993901451128832,ğŸ™‚,:slightly_smiling_face:,smiling
937,1287018160495919104,ğŸ˜€,:grinning_face:,laughing
938,1286273367025299456,ğŸ¤¬,:face_with_symbols_on_mouth:,negative
939,1284121070925164544,ğŸ˜™,:kissing_face_with_smiling_eyes:,affection
940,1267136928551440384,ğŸ¤‘,:money-mouth_face:,tongue
941,1281711348850872320,ğŸ˜§,:anguished_face:,concerned
942,1254064118077837312,ğŸ˜§,:anguished_face:,concerned
943,1279079670051418112,ğŸ¥µ,:hot_face:,unwell
944,1287478955394686976,ğŸ˜‚,:face_with_tears_of_joy:,laughing
945,1283777635311669248,ğŸ¤©,:star-struck:,affection
946,1256138906485116928,ğŸ˜¦,:frowning_face_with_open_mouth:,concerned
947,1287473719137501184,ğŸ˜¡,:pouting_face:,negative
948,1286012457044058114,ğŸ˜·,:face_with_medical_mask:,unwell
949,1287130077097078784,ğŸ¤®,:face_vomiting:,unwell
950,1287304465167638531,ğŸ˜†,:grinning_squinting_face:,laughing
951,1269719327336468480,ğŸ¤,:zipper-mouth_face:,neutral
952,1287486899737763840,ğŸ˜‡,:smiling_face_with_halo:,smiling
953,1286691672303304704,ğŸ˜·,:face_with_medical_mask:,unwell
954,1285207272789082112,ğŸ˜š,:kissing_face_with_closed_eyes:,affection
955,1287436196302462976,ğŸ˜ƒ,:grinning_face_with_big_eyes:,laughing
956,1284157077917761536,ğŸ¥´,:woozy_face:,unwell
957,1287300848192753664,ğŸ˜€,:grinning_face:,laughing
958,1287389459076587520,ğŸ˜‡,:smiling_face_with_halo:,smiling
959,1287418240000548864,ğŸ˜…,:grinning_face_with_sweat:,laughing
960,1285683127600455680,ğŸ˜,:squinting_face_with_tongue:,tongue
961,1287413889173540864,ğŸ˜¡,:pouting_face:,negative
962,1250485424025481216,ğŸ˜§,:anguished_face:,concerned
963,1287529844050481152,ğŸ˜£,:persevering_face:,concerned
964,1287348913268195328,ğŸ˜¡,:pouting_face:,negative
965,1280388735620853760,ğŸ¤•,:face_with_head-bandage:,unwell
966,1286008442302464000,ğŸ˜¶,:face_without_mouth:,neutral
967,1285686439347462145,ğŸ˜—,:kissing_face:,affection
968,1287371357387395072,ğŸ˜ƒ,:grinning_face_with_big_eyes:,laughing
969,1284893038536544256,ğŸ¥µ,:hot_face:,unwell
970,1286672985034817536,ğŸ˜·,:face_with_medical_mask:,unwell
971,1287476917424263168,ğŸ˜‰,:winking_face:,smiling
972,1287436829717913600,ğŸ˜‰,:winking_face:,smiling
973,1279530247323619328,ğŸ¤,:zipper-mouth_face:,neutral
974,1286975781638492161,ğŸ˜„,:grinning_face_with_smiling_eyes:,laughing
975,1284241140590534656,ğŸ˜,:squinting_face_with_tongue:,tongue
976,1287495555258691584,ğŸ˜,:beaming_face_with_smiling_eyes:,laughing
977,1286928508950806528,ğŸ˜·,:face_with_medical_mask:,unwell
978,1284862222754357248,ğŸ˜‘,:expressionless_face:,neutral
979,1280529066970546176,ğŸ˜®,:face_with_open_mouth:,concerned
980,1287113549362483200,ğŸ˜ƒ,:grinning_face_with_big_eyes:,laughing
981,1287073304340303872,ğŸ˜˜,:face_blowing_a_kiss:,affection
982,1280424114990309376,ğŸ˜™,:kissing_face_with_smiling_eyes:,affection
983,1280277624452009984,ğŸ˜®,:face_with_open_mouth:,concerned
984,1285713470206423040,â˜¹,:frowning_face:,concerned
985,1285634348536954880,ğŸ¤¨,:face_with_raised_eyebrow:,neutral
986,1287153610602819584,ğŸ˜…,:grinning_face_with_sweat:,laughing
987,1286395930909048832,ğŸ˜“,:downcast_face_with_sweat:,concerned
988,1285088242791047169,ğŸ˜,:neutral_face:,neutral
989,1287007249756573696,ğŸ¤§,:sneezing_face:,unwell
990,1284973898942025728,ğŸ˜›,:face_with_tongue:,tongue
991,1286988077785853953,ğŸ™‚,:slightly_smiling_face:,smiling
992,1287151012852178944,ğŸ˜ ,:angry_face:,negative
993,1285307583092469762,ğŸ˜–,:confounded_face:,concerned
994,1282038601757360128,ğŸ¥´,:woozy_face:,unwell
995,1286939614654193664,ğŸ™ƒ,:upside-down_face:,smiling
996,1287503957267537920,ğŸ˜‰,:winking_face:,smiling
997,1273717032773660672,ğŸ˜µ,:dizzy_face:,unwell
998,1270647719695089664,ğŸ‘¿,:angry_face_with_horns:,negative
999,1286175155815772160,ğŸ™,:slightly_frowning_face:,concerned
